id,doc_vob,doc_vob_name,doc_number,doc_date,doc_v_date,trans_date,amount,amount_cop,currency,payer_edrpou,payer_name,payer_account,payer_mfo,payer_bank,recipt_edrpou,recipt_name,recipt_account,recipt_bank,recipt_mfo,payment_details,doc_add_attr,region_id,payment_type,payment_data,source_id,source_name,kekv,kpk,contractId,contractNumber,budgetCode,page
186147503,0410001,Платіжне доручення,№3198871,2020-11-12,2020-11-12,2020-11-12,2388750.0,238875000,UAH,40123444,"Філія ""Українська залізнична швидкісна компанія"" АТ ""Укрзалізниця""",UA333226690000026004301148853,322669,ФГОЛОВНЕ УПРАВЛІННЯ ПО  АТОЩАД М.КИЇВ,33914746,"ТОВ ""БРАШ""",UA053003460000026009017828801,"ПАТ ""АЛЬФА-БАНК"" У М.КИЄВІ",300346,"Оплата за ремонт герметичних міжваг переходів електр. по дог №110-УЗШК від11.08.2020 та рах №СФ-0000074 від 30.09.2020 (в т.ч. ПДВ 398125,00) (_654_)(28010)",,0,nsep,,1,УЗ,,,,,,0
186147476,0410001,Платіжне доручення,№3198963,2020-11-12,2020-11-12,2020-11-12,1760503.68,176050368,UAH,40123444,"Філія ""Українська залізнична швидкісна компанія"" АТ ""Укрзалізниця""",UA333226690000026004301148853,322669,ФГОЛОВНЕ УПРАВЛІННЯ ПО  АТОЩАД М.КИЇВ,37701437,"ТОВ ""ІНВАЙТ""",UA433003460000026008025282601,"ПАТ ""АЛЬФА-БАНК"" У М.КИЄВІ",300346,"Опл за послуг із внутр. прибир-ня та дезінфекції пасажирських вагонів по дог №63-УЗШК від 24.04.20та рах №1701 від 30.09.20 (в т.ч. ПДВ 293417,28)(_654_)(28001)",,0,nsep,,1,УЗ,,,,,,0
186147499,0410001,Платіжне доручення,№3199170,2020-11-12,2020-11-12,2020-11-12,457358.4,45735840,UAH,40123444,"Філія ""Українська залізнична швидкісна компанія"" АТ ""Укрзалізниця""",UA333226690000026004301148853,322669,ФГОЛОВНЕ УПРАВЛІННЯ ПО  АТОЩАД М.КИЇВ,43345176,"ТОВ ""КВАЛІТЕТ ПРО""",UA313802810000002600417825001,"ПАТ""БАНК ІНВЕСТИЦІЙ ТА ЗАОЩАДЖЕНЬ""КИЇВ",380281,"Опл за посл з технічного обслуг станків, облад-ня, пресу, установок по дог №53-УЗШК від 13.04.20та рах №6/30/09 від 30.09.20 (в т.ч. ПДВ 76226,40)(_654_)(28001)",,0,nsep,,1,УЗ,,,,,,0
186147477,0410001,Платіжне доручення,№3198968,2020-11-12,2020-11-12,2020-11-12,452844.49,45284449,UAH,40123444,"Філія ""Українська залізнична швидкісна компанія"" АТ ""Укрзалізниця""",UA333226690000026004301148853,322669,ФГОЛОВНЕ УПРАВЛІННЯ ПО  АТОЩАД М.КИЇВ,37701437,"ТОВ ""ІНВАЙТ""",UA433003460000026008025282601,"ПАТ ""АЛЬФА-БАНК"" У М.КИЄВІ",300346,"Опл за послуги з комплекс. прибирання будівель та прилеглих територій по дог 62-УЗШК від 24.04.20та рах1697 від 30.09.2020 (в т.ч. ПДВ 75474,08)(_654_)(28001)",,0,nsep,,1,УЗ,,,,,,0
186147497,0410001,Платіжне доручення,№3199147,2020-11-12,2020-11-12,2020-11-12,403336.8,40333680,UAH,40123444,"Філія ""Українська залізнична швидкісна компанія"" АТ ""Укрзалізниця""",UA333226690000026004301148853,322669,ФГОЛОВНЕ УПРАВЛІННЯ ПО  АТОЩАД М.КИЇВ,43345176,"ТОВ ""КВАЛІТЕТ ПРО""",UA313802810000002600417825001,"ПАТ""БАНК ІНВЕСТИЦІЙ ТА ЗАОЩАДЖЕНЬ""КИЇВ",380281,"Опл за посл з ТО обладнання, яке викор для обслуг. швидк електр-ів по дог №40-УЗШК від17.03.20 та рах №7/30/09 від 30.09.20 (в т.ч. ПДВ 67222,80)(_654_)(28001)",,0,nsep,,1,УЗ,,,,,,0
186147498,0410001,Платіжне доручення,№3199131,2020-11-12,2020-11-12,2020-11-12,355604.88,35560488,UAH,40123444,"Філія ""Українська залізнична швидкісна компанія"" АТ ""Укрзалізниця""",UA333226690000026004301148853,322669,ФГОЛОВНЕ УПРАВЛІННЯ ПО  АТОЩАД М.КИЇВ,43345176,"ТОВ ""КВАЛІТЕТ ПРО""",UA313802810000002600417825001,"ПАТ""БАНК ІНВЕСТИЦІЙ ТА ЗАОЩАДЖЕНЬ""КИЇВ",380281,"Оплата за послуги з то обладн ВМК та мийної машини по дог №39-УЗШК від 17.03.20 та рах №1/30/09 від 30.08.2020 (в т.ч. ПДВ 59267,48)(_654_)(28001)",,0,nsep,,1,УЗ,,,,,,0
186147479,0410001,Платіжне доручення,№3198926,2020-11-12,2020-11-12,2020-11-12,306297.6,30629760,UAH,40123444,"Філія ""Українська залізнична швидкісна компанія"" АТ ""Укрзалізниця""",UA333226690000026004301148853,322669,ФГОЛОВНЕ УПРАВЛІННЯ ПО  АТОЩАД М.КИЇВ,40207890,"ТОВ ""Охоронна компанія ""Альфа безпека""",UA153363100000026002009913468,"ПАТ ""Ідея Банк""",336310,"Опл.за надання послуг з охорони терит.та приміщ по об`єкту №1 та №2 зг.дог. №32-УЗШК від 12.03.2020 та рах №421 від 30.09.20 (в т.ч. ПДВ 51049,60)(_654_)(28001)",,0,nsep,,1,УЗ,,,,,,0
186147433,0410001,Платіжне доручення,№3198894,2020-11-12,2020-11-12,2020-11-12,262572.41,26257241,UAH,40123444,"Філія ""Українська залізнична швидкісна компанія"" АТ ""Укрзалізниця""",UA333226690000026004301148853,322669,ФГОЛОВНЕ УПРАВЛІННЯ ПО  АТОЩАД М.КИЇВ,35378249,"ТОВ ""АСК-ПРОФІ""",UA043808050000000026005520817,"АТ ""РАЙФФАЙЗЕН БАНК АВАЛЬ"" У М. КИЄВІ",380805,"Оплата за поточний ремонт системи пожежогасіння та оповіщення зг дог №92-УЗШК від 01.06.2020 та рах №СФ-0000411 ВІД 30.09.20(в т.ч. ПДВ 43762,07) (_654_)(28010)",,0,nsep,,1,УЗ,,,,,,0
186147481,0410001,Платіжне доручення,№3198984,2020-11-12,2020-11-12,2020-11-12,247517.94,24751794,UAH,40123444,"Філія ""Українська залізнична швидкісна компанія"" АТ ""Укрзалізниця""",UA333226690000026004301148853,322669,ФГОЛОВНЕ УПРАВЛІННЯ ПО  АТОЩАД М.КИЇВ,42809838,"ТОВ ""ЧЕЛА Україна""",UA193052990000026001006800013,"ПАТ КБ ""ПРИВАТБАНК""",305299,"Оплата за послуги з дезінфекції та дератизації пасажирських поїздів по дог №98-УЗШК від 05.06.20 та рах 178 від 30.09.20 (в т.ч. ПДВ 41252,99)(_654_)(28001)",,0,nsep,,1,УЗ,,,,,,0
186147453,0410001,Платіжне доручення,№3199387,2020-11-12,2020-11-12,2020-11-12,221340.0,22134000,UAH,40123444,"Філія ""Українська залізнична швидкісна компанія"" АТ ""Укрзалізниця""",UA333226690000026004301148853,322669,ФГОЛОВНЕ УПРАВЛІННЯ ПО  АТОЩАД М.КИЇВ,05763814,"""Крюківський вагонобудівний завод"" ПАТ",UA533808050000000026007413472,"АТ ""РАЙФФАЙЗЕН БАНК АВАЛЬ"" У М. КИЄВІ",380805,"Оплата за технічне обслуго-ня електропоїздів ЕКр1 по дог 5320/052002/с/21-УЗШК від 28.02.20 та рах №КВ-09113 від 30.09.2020 (в т.ч. ПДВ 36890,00)(_654_)(28001)",,0,nsep,,1,УЗ,,,,,,0
186147434,0410001,Платіжне доручення,№3199350,2020-11-12,2020-11-12,2020-11-12,143220.0,14322000,UAH,40123444,"Філія ""Українська залізнична швидкісна компанія"" АТ ""Укрзалізниця""",UA333226690000026004301148853,322669,ФГОЛОВНЕ УПРАВЛІННЯ ПО  АТОЩАД М.КИЇВ,05763814,"""Крюківський вагонобудівний завод"" ПАТ",UA533808050000000026007413472,"АТ ""РАЙФФАЙЗЕН БАНК АВАЛЬ"" У М. КИЄВІ",380805,"Оплата за технічне обслуго-ня електропоїздів ЕКр1 по дог 5320/052002/с/21-УЗШК від 28.02.20 та рах №КВ-09108 від 30.09.2020 (в т.ч. ПДВ 23870,00)(_654_)(28001)",,0,nsep,,1,УЗ,,,,,,0
186147451,0410001,Платіжне доручення,№3199358,2020-11-12,2020-11-12,2020-11-12,115410.0,11541000,UAH,40123444,"Філія ""Українська залізнична швидкісна компанія"" АТ ""Укрзалізниця""",UA333226690000026004301148853,322669,ФГОЛОВНЕ УПРАВЛІННЯ ПО  АТОЩАД М.КИЇВ,05763814,"""Крюківський вагонобудівний завод"" ПАТ",UA533808050000000026007413472,"АТ ""РАЙФФАЙЗЕН БАНК АВАЛЬ"" У М. КИЄВІ",380805,"Оплата за технічне обслуго-ня електропоїздів ЕКр1 по дог 5320/052002/с/21-УЗШК від 28.02.20 та рах №КВ-09109 від 30.09.2020 (в т.ч. ПДВ 19235,00)(_654_)(28001)",,0,nsep,,1,УЗ,,,,,,0
186147474,0410001,Платіжне доручення,№3199206,2020-11-12,2020-11-12,2020-11-12,108000.0,10800000,UAH,40123444,"Філія ""Українська залізнична швидкісна компанія"" АТ ""Укрзалізниця""",UA333226690000026004301148853,322669,ФГОЛОВНЕ УПРАВЛІННЯ ПО  АТОЩАД М.КИЇВ,36380107,"ТОВ """"Пропелер""",UA033510050000026008230120900,"АТ ""УкрСиббанк""",351005,"Опл за послуги з технічного обслуг-ня насосів по дог №50-УЗШК від 06.04.20та рах №ПП-0263 від 30.09.20 (в т.ч. ПДВ 18000,00)(_654_)(28001)",,0,nsep,,1,УЗ,,,,,,0
186147478,0410001,Платіжне доручення,№3199026,2020-11-12,2020-11-12,2020-11-12,88223.4,8822340,UAH,40123444,"Філія ""Українська залізнична швидкісна компанія"" АТ ""Укрзалізниця""",UA333226690000026004301148853,322669,ФГОЛОВНЕ УПРАВЛІННЯ ПО  АТОЩАД М.КИЇВ,37721448,"ТОВ ""ТК Джейран""",UA483808050000000026006336668,"АТ ""РАЙФФАЙЗЕН БАНК АВАЛЬ"" У М. КИЄВІ",380805,"Оплата за послуги з вивезення твердих побутових відходів по дог №45-УЗШК від 30.03.20 та рах №СФ-0000249 від 30.09.20 (в т.ч. ПДВ 14703,90)(_654_)(28001)",,0,nsep,,1,УЗ,,,,,,0
186147502,0410001,Платіжне доручення,№3198838,2020-11-12,2020-11-12,2020-11-12,69819.15,6981915,UAH,40123444,"Філія ""Українська залізнична швидкісна компанія"" АТ ""Укрзалізниця""",UA333226690000026004301148853,322669,ФГОЛОВНЕ УПРАВЛІННЯ ПО  АТОЩАД М.КИЇВ,xxxxxxxxxx,ФОП Глєбова Ірина Валентинівна,UA273206490000026001052624395,"Ф""РОЗРАХ.ЦЕНТР""ПАТ КБ""ПРИВАТБАНК"",КИЇВ",320649,Опл. за послуги поточного ремонту мобільного терміналу контролю документів зг.дог.№56-УЗШК від 15.04.20 рах.№0235 від 30.09.2020.Без ПДВ. (_654_)(28010),,0,nsep,,1,УЗ,,,,,,0
186147468,0410001,Платіжне доручення,№3199306,2020-11-12,2020-11-12,2020-11-12,48246.0,4824600,UAH,40123444,"Філія ""Українська залізнична швидкісна компанія"" АТ ""Укрзалізниця""",UA333226690000026004301148853,322669,ФГОЛОВНЕ УПРАВЛІННЯ ПО  АТОЩАД М.КИЇВ,05763814,"""Крюківський вагонобудівний завод"" ПАТ",UA533808050000000026007413472,"АТ ""РАЙФФАЙЗЕН БАНК АВАЛЬ"" У М. КИЄВІ",380805,"Оплата за технічне обслуго-ня електропоїздів ЕКр1 по дог 5320/052002/с/21-УЗШК від 28.02.20 та рах №КВ-09058 від 30.09.2020 (в т.ч. ПДВ 8041,00)(_654_)(28001)",,0,nsep,,1,УЗ,,,,,,0
186147501,0410001,Платіжне доручення,№3199186,2020-11-12,2020-11-12,2020-11-12,44706.0,4470600,UAH,40123444,"Філія ""Українська залізнична швидкісна компанія"" АТ ""Укрзалізниця""",UA333226690000026004301148853,322669,ФГОЛОВНЕ УПРАВЛІННЯ ПО  АТОЩАД М.КИЇВ,43345176,"ТОВ ""КВАЛІТЕТ ПРО""",UA313802810000002600417825001,"ПАТ""БАНК ІНВЕСТИЦІЙ ТА ЗАОЩАДЖЕНЬ""КИЇВ",380281,"Опл за послуги з технічного обслугов-ня швидкісних розпашних воріт по дог №64-УЗШК від 27.04.20та рах №2/30/09 від 30.09.20(в т.ч. ПДВ 7451,00) (_654_)(28001)",,0,nsep,,1,УЗ,,,,,,0
186147480,0410001,Платіжне доручення,№3199218,2020-11-12,2020-11-12,2020-11-12,32490.0,3249000,UAH,40123444,"Філія ""Українська залізнична швидкісна компанія"" АТ ""Укрзалізниця""",UA333226690000026004301148853,322669,ФГОЛОВНЕ УПРАВЛІННЯ ПО  АТОЩАД М.КИЇВ,40753616,"ТОВ ""САЙНТІС""",UA093006140000026000500256501,"ПАТ ""КРЕДІ АГРІКОЛЬ БАНК""",300614,"Опл.за посл.з серв.-техн.обсл.та провед.рем.сист.відеосп. за ВЕРЕСЕНЬ 2020зг.дог.№18-УЗШК від19.02.20 рах.№СФ1187л від30.09.20(в т.ч. ПДВ 5415,00 (_655_)(28001)",,0,nsep,,1,УЗ,,,,,,0
186147436,0410001,Платіжне доручення,№3199313,2020-11-12,2020-11-12,2020-11-12,27810.0,2781000,UAH,40123444,"Філія ""Українська залізнична швидкісна компанія"" АТ ""Укрзалізниця""",UA333226690000026004301148853,322669,ФГОЛОВНЕ УПРАВЛІННЯ ПО  АТОЩАД М.КИЇВ,05763814,"""Крюківський вагонобудівний завод"" ПАТ",UA533808050000000026007413472,"АТ ""РАЙФФАЙЗЕН БАНК АВАЛЬ"" У М. КИЄВІ",380805,"Оплата за технічне обслуго-ня електропоїздів ЕКр1 по дог 5320/052002/с/21-УЗШК від 28.02.20 та рах №КВ-09059 від 30.09.2020 (в т.ч. ПДВ 4635,00)(_654_)(28001)",,0,nsep,,1,УЗ,,,,,,0
186147449,0410001,Платіжне доручення,№3199413,2020-11-12,2020-11-12,2020-11-12,27444.0,2744400,UAH,40123444,"Філія ""Українська залізнична швидкісна компанія"" АТ ""Укрзалізниця""",UA333226690000026004301148853,322669,ФГОЛОВНЕ УПРАВЛІННЯ ПО  АТОЩАД М.КИЇВ,05763814,"""Крюківський вагонобудівний завод"" ПАТ",UA533808050000000026007413472,"АТ ""РАЙФФАЙЗЕН БАНК АВАЛЬ"" У М. КИЄВІ",380805,"Оплата за технічне обслуго-ня електропоїздів ЕКр1 по дог 5320/052002/с/21-УЗШК від 28.02.20 та рах №КВ-09116 від 30.09.2020 (в т.ч. ПДВ 4574,00)(_654_)(28001)",,0,nsep,,1,УЗ,,,,,,0
186147437,0410001,Платіжне доручення,№3199321,2020-11-12,2020-11-12,2020-11-12,27228.0,2722800,UAH,40123444,"Філія ""Українська залізнична швидкісна компанія"" АТ ""Укрзалізниця""",UA333226690000026004301148853,322669,ФГОЛОВНЕ УПРАВЛІННЯ ПО  АТОЩАД М.КИЇВ,05763814,"""Крюківський вагонобудівний завод"" ПАТ",UA533808050000000026007413472,"АТ ""РАЙФФАЙЗЕН БАНК АВАЛЬ"" У М. КИЄВІ",380805,"Оплата за технічне обслуго-ня електропоїздів ЕКр1 по дог 5320/052002/с/21-УЗШК від 28.02.20 та рах №КВ-09060 від 30.09.2020 (в т.ч. ПДВ 4538,00)(_654_)(28001)",,0,nsep,,1,УЗ,,,,,,0
186147482,0410001,Платіжне доручення,№3199113,2020-11-12,2020-11-12,2020-11-12,26521.32,2652132,UAH,40123444,"Філія ""Українська залізнична швидкісна компанія"" АТ ""Укрзалізниця""",UA333226690000026004301148853,322669,ФГОЛОВНЕ УПРАВЛІННЯ ПО  АТОЩАД М.КИЇВ,43345176,"ТОВ ""КВАЛІТЕТ ПРО""",UA313802810000002600417825001,"ПАТ""БАНК ІНВЕСТИЦІЙ ТА ЗАОЩАДЖЕНЬ""КИЇВ",380281,"Оплата послуги з то обладн. для капітального ремонту електроп. по дог №38-УЗШК від 17.03.20та рах №5/30/09 від 30.09.20 (в т.ч. ПДВ 4420,22)(_654_)(28001)",,0,nsep,,1,УЗ,,,,,,0
186147448,0410001,Платіжне доручення,№3199259,2020-11-12,2020-11-12,2020-11-12,21528.0,2152800,UAH,40123444,"Філія ""Українська залізнична швидкісна компанія"" АТ ""Укрзалізниця""",UA333226690000026004301148853,322669,ФГОЛОВНЕ УПРАВЛІННЯ ПО  АТОЩАД М.КИЇВ,05763814,"""Крюківський вагонобудівний завод"" ПАТ",UA533808050000000026007413472,"АТ ""РАЙФФАЙЗЕН БАНК АВАЛЬ"" У М. КИЄВІ",380805,"Оплата за послуги з то дизель-поїзду ДПКр31 по дог 5320/052004/с/107-УЗШК від 21.07.20 та рах №КВ-09107 від 30.09.2020 (в т.ч. ПДВ 3588,00)(_654_)(28001)",,0,nsep,,1,УЗ,,,,,,0
186147496,0410001,Платіжне доручення,№3199095,2020-11-12,2020-11-12,2020-11-12,20727.36,2072736,UAH,40123444,"Філія ""Українська залізнична швидкісна компанія"" АТ ""Укрзалізниця""",UA333226690000026004301148853,322669,ФГОЛОВНЕ УПРАВЛІННЯ ПО  АТОЩАД М.КИЇВ,43345176,"ТОВ ""КВАЛІТЕТ ПРО""",UA313802810000002600417825001,"ПАТ""БАНК ІНВЕСТИЦІЙ ТА ЗАОЩАДЖЕНЬ""КИЇВ",380281,"Оплата за послуги з технічного обслуговування компр. обладнання по дог №24-УЗШК від 04.03.2020 та рах №3/30/09 від 30.09.2020 (в т.ч. ПДВ 3454,56)(_654_)(28001)",,0,nsep,,1,УЗ,,,,,,0
186147475,0410001,Платіжне доручення,№3199246,2020-11-12,2020-11-12,2020-11-12,19991.64,1999164,UAH,40123444,"Філія ""Українська залізнична швидкісна компанія"" АТ ""Укрзалізниця""",UA333226690000026004301148853,322669,ФГОЛОВНЕ УПРАВЛІННЯ ПО  АТОЩАД М.КИЇВ,36380107,"ТОВ """"Пропелер""",UA033510050000026008230120900,"АТ ""УкрСиббанк""",351005,"Оплата за тех. обслуговування посудин,що прац.під тиском по дог №71-УЗШК від 06.05.20та рах №ПП-0264 від 30.09.20(в т.ч. ПДВ 3331,94)(_654_)(28001)",,0,nsep,,1,УЗ,,,,,,0
186147472,0410001,Платіжне доручення,№3198946,2020-11-12,2020-11-12,2020-11-12,18120.0,1812000,UAH,40123444,"Філія ""Українська залізнична швидкісна компанія"" АТ ""Укрзалізниця""",UA333226690000026004301148853,322669,ФГОЛОВНЕ УПРАВЛІННЯ ПО  АТОЩАД М.КИЇВ,xxxxxxxxxx,ФОП Літвінова Катерина Анатоліївна,UA073355480000026002053618858,"КРАМ.Ф.ПАТКБ""ПРИВАТБАНК"",М.КРАМАТОРСЬК",335548,Оплата за проживання в готелі по дог №51-УЗШК від 06.04.2020. та рах №28 від 30.09.2020Без ПДВ (_654_)(28001),,0,nsep,,1,УЗ,,,,,,0
186147450,0410001,Платіжне доручення,№3199404,2020-11-12,2020-11-12,2020-11-12,15918.0,1591800,UAH,40123444,"Філія ""Українська залізнична швидкісна компанія"" АТ ""Укрзалізниця""",UA333226690000026004301148853,322669,ФГОЛОВНЕ УПРАВЛІННЯ ПО  АТОЩАД М.КИЇВ,05763814,"""Крюківський вагонобудівний завод"" ПАТ",UA533808050000000026007413472,"АТ ""РАЙФФАЙЗЕН БАНК АВАЛЬ"" У М. КИЄВІ",380805,"Оплата за технічне обслуго-ня електропоїздів ЕКр1 по дог 5320/052002/с/21-УЗШК від 28.02.20 та рах №КВ-09115 від 30.09.2020 (в т.ч. ПДВ 2653,00)(_654_)(28001)",,0,nsep,,1,УЗ,,,,,,0
186147452,0410001,Платіжне доручення,№3199391,2020-11-12,2020-11-12,2020-11-12,15216.0,1521600,UAH,40123444,"Філія ""Українська залізнична швидкісна компанія"" АТ ""Укрзалізниця""",UA333226690000026004301148853,322669,ФГОЛОВНЕ УПРАВЛІННЯ ПО  АТОЩАД М.КИЇВ,05763814,"""Крюківський вагонобудівний завод"" ПАТ",UA533808050000000026007413472,"АТ ""РАЙФФАЙЗЕН БАНК АВАЛЬ"" У М. КИЄВІ",380805,"Оплата за технічне обслуго-ня електропоїздів ЕКр1 по дог 5320/052002/с/21-УЗШК від 28.02.20 та рах №КВ-09114 від 30.09.2020 (в т.ч. ПДВ 2536,00)(_654_)(28001)",,0,nsep,,1,УЗ,,,,,,0
186147473,0410001,Платіжне доручення,№3199056,2020-11-12,2020-11-12,2020-11-12,14499.0,1449900,UAH,40123444,"Філія ""Українська залізнична швидкісна компанія"" АТ ""Укрзалізниця""",UA333226690000026004301148853,322669,ФГОЛОВНЕ УПРАВЛІННЯ ПО  АТОЩАД М.КИЇВ,35378249,"ТОВ ""АСК-ПРОФІ""",UA043808050000000026005520817,"АТ ""РАЙФФАЙЗЕН БАНК АВАЛЬ"" У М. КИЄВІ",380805,"Опл за послуги із технічного обслуг системи пожежної сигналізації по дог 66-УЗШК від 29.04.20 та рах №СФ-0000368 від 30.09.20 (в т.ч. ПДВ 2416,5) (_654_)(28001)",,0,nsep,,1,УЗ,,,,,,0
186147438,0410001,Платіжне доручення,№3199369,2020-11-12,2020-11-12,2020-11-12,13722.0,1372200,UAH,40123444,"Філія ""Українська залізнична швидкісна компанія"" АТ ""Укрзалізниця""",UA333226690000026004301148853,322669,ФГОЛОВНЕ УПРАВЛІННЯ ПО  АТОЩАД М.КИЇВ,05763814,"""Крюківський вагонобудівний завод"" ПАТ",UA533808050000000026007413472,"АТ ""РАЙФФАЙЗЕН БАНК АВАЛЬ"" У М. КИЄВІ",380805,"Оплата за технічне обслуго-ня електропоїздів ЕКр1 по дог 5320/052002/с/21-УЗШК від 28.02.20 та рах №КВ-09111 від 30.09.2020 (в т.ч. ПДВ 2287,00)(_654_)(28001)",,0,nsep,,1,УЗ,,,,,,0
186147404,0410001,Платіжне доручення,№3199377,2020-11-12,2020-11-12,2020-11-12,13644.0,1364400,UAH,40123444,"Філія ""Українська залізнична швидкісна компанія"" АТ ""Укрзалізниця""",UA333226690000026004301148853,322669,ФГОЛОВНЕ УПРАВЛІННЯ ПО  АТОЩАД М.КИЇВ,05763814,"""Крюківський вагонобудівний завод"" ПАТ",UA533808050000000026007413472,"АТ ""РАЙФФАЙЗЕН БАНК АВАЛЬ"" У М. КИЄВІ",380805,"Оплата за технічне обслуго-ня електропоїздів ЕКр1 по дог 5320/052002/с/21-УЗШК від 28.02.20 та рах №КВ-09112 від 30.09.2020 (в т.ч. ПДВ 2274,00)(_654_)(28001)",,0,nsep,,1,УЗ,,,,,,0
186147470,0410001,Платіжне доручення,№3199288,2020-11-12,2020-11-12,2020-11-12,13000.0,1300000,UAH,40123444,"Філія ""Українська залізнична швидкісна компанія"" АТ ""Укрзалізниця""",UA333226690000026004301148853,322669,ФГОЛОВНЕ УПРАВЛІННЯ ПО  АТОЩАД М.КИЇВ,xxxxxxxxxx,ФОП Крижба Євген Алійович,UA153005280000026003455005604,"АТ ""ОТП БАНК""",300528,Оплата за послуги з технічного обслуговування АСКОЕ по дог №90-УЗШК від 21.05.2020 та рах №861 від 25.09.20.Без ПДВ (_654_)(28001),,0,nsep,,1,УЗ,,,,,,0
186147500,0410001,Платіжне доручення,№3199074,2020-11-12,2020-11-12,2020-11-12,12505.2,1250520,UAH,40123444,"Філія ""Українська залізнична швидкісна компанія"" АТ ""Укрзалізниця""",UA333226690000026004301148853,322669,ФГОЛОВНЕ УПРАВЛІННЯ ПО  АТОЩАД М.КИЇВ,43345176,"ТОВ ""КВАЛІТЕТ ПРО""",UA313802810000002600417825001,"ПАТ""БАНК ІНВЕСТИЦІЙ ТА ЗАОЩАДЖЕНЬ""КИЇВ",380281,"Опл. за посл. з технічного обслуг. вантажопід. уст. та механізмів по дог 31-УЗШК від 12.03.20та рах №4/30/09 від 30.09.20 (в т.ч. ПДВ 2084,20) (_654_)(28001)",,0,nsep,,1,УЗ,,,,,,0
186147439,0410001,Платіжне доручення,№3199362,2020-11-12,2020-11-12,2020-11-12,9510.0,951000,UAH,40123444,"Філія ""Українська залізнична швидкісна компанія"" АТ ""Укрзалізниця""",UA333226690000026004301148853,322669,ФГОЛОВНЕ УПРАВЛІННЯ ПО  АТОЩАД М.КИЇВ,05763814,"""Крюківський вагонобудівний завод"" ПАТ",UA533808050000000026007413472,"АТ ""РАЙФФАЙЗЕН БАНК АВАЛЬ"" У М. КИЄВІ",380805,"Оплата за технічне обслуго-ня електропоїздів ЕКр1 по дог 5320/052002/с/21-УЗШК від 28.02.20 та рах №КВ-09110 від 30.09.2020 (в т.ч. ПДВ 1585,00)(_654_)(28001)",,0,nsep,,1,УЗ,,,,,,0
186147469,0410001,Платіжне доручення,№3199227,2020-11-12,2020-11-12,2020-11-12,7575.6,757560,UAH,40123444,"Філія ""Українська залізнична швидкісна компанія"" АТ ""Укрзалізниця""",UA333226690000026004301148853,322669,ФГОЛОВНЕ УПРАВЛІННЯ ПО  АТОЩАД М.КИЇВ,xxxxxxxxxx,ФОП Глєбова Ірина Валентинівна,UA273206490000026001052624395,"Ф""РОЗРАХ.ЦЕНТР""ПАТ КБ""ПРИВАТБАНК"",КИЇВ",320649,Оплата за заміну ПЗ по дог 79-УЗШК від 18.05.2020.та рах сф-0234 від 30.09.20Без ПДВ (_654_)(28001),,0,nsep,,1,УЗ,,,,,,0
186147504,0410001,Платіжне доручення,№3199341,2020-11-12,2020-11-12,2020-11-12,3555.0,355500,UAH,40123444,"Філія ""Українська залізнична швидкісна компанія"" АТ ""Укрзалізниця""",UA333226690000026004301148853,322669,ФГОЛОВНЕ УПРАВЛІННЯ ПО  АТОЩАД М.КИЇВ,05763814,"""Крюківський вагонобудівний завод"" ПАТ",UA533808050000000026007413472,"АТ ""РАЙФФАЙЗЕН БАНК АВАЛЬ"" У М. КИЄВІ",380805,"Оплата за технічне обслуго-ня електропоїздів ЕКр1 по дог 5320/052002/с/21-УЗШК від 28.02.20 та рах №КВ-09063 від 30.09.2020 (в т.ч. ПДВ 592,5)(_654_)(28001)",,0,nsep,,1,УЗ,,,,,,0
186147435,0410001,Платіжне доручення,№3199337,2020-11-12,2020-11-12,2020-11-12,3555.0,355500,UAH,40123444,"Філія ""Українська залізнична швидкісна компанія"" АТ ""Укрзалізниця""",UA333226690000026004301148853,322669,ФГОЛОВНЕ УПРАВЛІННЯ ПО  АТОЩАД М.КИЇВ,05763814,"""Крюківський вагонобудівний завод"" ПАТ",UA533808050000000026007413472,"АТ ""РАЙФФАЙЗЕН БАНК АВАЛЬ"" У М. КИЄВІ",380805,"Оплата за технічне обслуго-ня електропоїздів ЕКр1 по дог 5320/052002/с/21-УЗШК від 28.02.20 та рах №КВ-09062 від 30.09.2020 (в т.ч. ПДВ 592,5)(_654_)(28001)",,0,nsep,,1,УЗ,,,,,,0
186147447,0410001,Платіжне доручення,№3199329,2020-11-12,2020-11-12,2020-11-12,2793.0,279300,UAH,40123444,"Філія ""Українська залізнична швидкісна компанія"" АТ ""Укрзалізниця""",UA333226690000026004301148853,322669,ФГОЛОВНЕ УПРАВЛІННЯ ПО  АТОЩАД М.КИЇВ,05763814,"""Крюківський вагонобудівний завод"" ПАТ",UA533808050000000026007413472,"АТ ""РАЙФФАЙЗЕН БАНК АВАЛЬ"" У М. КИЄВІ",380805,"Оплата за технічне обслуго-ня електропоїздів ЕКр1 по дог 5320/052002/с/21-УЗШК від 28.02.20 та рах №КВ-09061 від 30.09.2020 (в т.ч. ПДВ 465,5)(_654_)(28001)",,0,nsep,,1,УЗ,,,,,,0
186147471,0410001,Платіжне доручення,№3199238,2020-11-12,2020-11-12,2020-11-12,2730.0,273000,UAH,40123444,"Філія ""Українська залізнична швидкісна компанія"" АТ ""Укрзалізниця""",UA333226690000026004301148853,322669,ФГОЛОВНЕ УПРАВЛІННЯ ПО  АТОЩАД М.КИЇВ,30928420,"ТОВ ""ГАРАНТ ПРІНТ СЕРВІС""",UA403510050000026005612641000,"АТ ""УкрСиббанк""",351005,"Оплата за послуги з технічного обслуговування оргтехніки по дог 65-УЗШК від 29.04.2020та рах №2049 від 29.09.20 (в т.ч. ПДВ 455,00)(_654_)(28001)",,0,nsep,,1,УЗ,,,,,,0
